Name,N_sample,Dim,Size (GB),id,mpts_Iter-0,Time_Iter-0_coresg,Time_Iter-0_hdbscan,ARI_Iter-0,HAI_Iter-0,mpts_Iter-1,Time_Iter-1_coresg,Time_Iter-1_hdbscan,ARI_Iter-1,HAI_Iter-1,mpts_Iter-2,Time_Iter-2_coresg,Time_Iter-2_hdbscan,ARI_Iter-2,HAI_Iter-2,mpts_Iter-3,Time_Iter-3_coresg,Time_Iter-3_hdbscan,ARI_Iter-3,HAI_Iter-3
gaussian-7-Overlap,5000.0,32.0,0.00128,1.0,50.0,11.999938249588013,1.433562994003296,1.0,0.8554570291778016,32.0,3.672319889068604,1.1713922023773191,1.0,0.855400424665657,20.0,3.906654357910156,1.177018404006958,1.0,0.8553208326972093,10.0,3.7603259086608887,1.1880428791046145,1.0,0.8550664543610735
gaussian-7-Overlap,5000.0,32.0,0.00128,2.0,50.0,12.277318716049194,1.1911211013793943,1.0,0.9222332449277956,32.0,3.45381760597229,1.198882818222046,1.0,0.9221685999679732,20.0,3.510570287704468,1.1586453914642334,1.0,0.9220703489603084,10.0,3.6853628158569336,1.180070161819458,1.0,0.921837028960642
gaussian-7-Overlap,5000.0,32.0,0.00128,3.0,50.0,11.956573247909546,1.1912682056427002,1.0,0.8468597752950799,32.0,3.603826284408569,1.18870210647583,1.0,0.8467977965104704,20.0,3.649757146835327,1.1916992664337158,1.0,0.8467179298541825,10.0,3.6263253688812256,1.221470832824707,1.0,0.8464845035818891
gaussian-7-Overlap,5000.0,32.0,0.00128,4.0,50.0,13.18011713027954,1.209186315536499,1.0,0.8016611396209811,32.0,3.4067959785461426,1.196706771850586,1.0,0.8016049250283575,20.0,3.705466985702514,1.2091288566589355,1.0,0.8015167904361006,10.0,3.4236032962799072,1.1760571002960205,1.0,0.8012464468838528
gaussian-7-Overlap,5000.0,32.0,0.00128,5.0,50.0,11.8847918510437,1.1537408828735352,1.0,0.8508680674770053,32.0,3.4043984413146973,1.1560075283050537,1.0,0.850808170644706,20.0,3.379930257797241,1.1516177654266355,1.0,0.8507243702603378,10.0,3.6710281372070312,1.19385027885437,1.0,0.8504832756042027
gaussian-7-Overlap,5000.0,32.0,0.00128,6.0,50.0,12.120580673217772,1.184391736984253,1.0,0.9028773469094342,32.0,3.416043519973755,1.1872410774230957,1.0,0.9028271342693628,20.0,3.4672398567199707,1.1880905628204346,1.0,0.9027337240293096,10.0,3.446687698364258,1.1819169521331787,1.0,0.9025047188774656
gaussian-7-Overlap,5000.0,32.0,0.00128,7.0,50.0,12.797022104263306,1.2328670024871826,1.0,0.97986758630324,32.0,3.610489845275879,1.2033569812774658,1.0,0.9798139599032611,20.0,3.655323028564453,1.1941866874694824,1.0,0.9797229391352884,10.0,3.879082918167114,1.1758666038513184,1.0,0.9794701181112808
gaussian-7-Overlap,5000.0,32.0,0.00128,8.0,50.0,12.803951025009155,1.204277515411377,1.0,0.97155714684839,32.0,3.5875661373138428,1.1486155986785889,1.0,0.9714999396484264,20.0,3.642619848251343,1.1614878177642822,1.0,0.97141293552048,10.0,3.617718458175659,1.150994062423706,1.0,0.9711610417606424
gaussian-7-Overlap,5000.0,32.0,0.00128,9.0,50.0,12.35979962348938,1.2579801082611084,1.0,0.7760010508097928,32.0,3.45180344581604,1.1849777698516846,1.0,0.7759377186492278,20.0,3.47279953956604,1.1794962882995603,1.0,0.7758496787449649,10.0,3.4304039478302,1.1882646083831787,1.0,0.7755963967287722
gaussian-7-Overlap,5000.0,32.0,0.00128,10.0,50.0,11.947021961212158,1.4645302295684814,1.0,0.7845542549520075,32.0,3.800364017486572,1.2453398704528809,1.0,0.7844969620235925,20.0,3.606721162796021,1.2103445529937744,1.0,0.7844000741193138,10.0,3.645526170730591,1.221503734588623,1.0,0.7841619355268215
gaussian-7-Overlap,10000.0,32.0,0.00256,1.0,50.0,23.88524866104126,4.0957770347595215,1.0,0.7742819254211809,32.0,7.6516852378845215,4.027522087097168,1.0,0.7742334367679049,20.0,8.019903421401978,4.039438486099243,1.0,0.7741526496384366,10.0,7.800167083740234,4.115976810455322,1.0,0.7739115899693069
gaussian-7-Overlap,10000.0,32.0,0.00256,2.0,50.0,23.45180988311768,4.320403575897217,1.0,0.8009714897952092,32.0,8.315100193023682,4.379878759384155,1.0,0.8009213828228852,20.0,8.469553470611572,4.084604024887085,1.0,0.8008347056379131,10.0,8.451078653335571,4.555699825286865,1.0,0.800597756448159
gaussian-7-Overlap,10000.0,32.0,0.00256,3.0,50.0,24.785595655441284,4.121211767196655,1.0,0.8880064544744336,32.0,8.037822723388672,4.053714036941528,1.0,0.8879590037340288,20.0,8.41171669960022,4.277312278747559,1.0,0.8878697358494961,10.0,8.50657868385315,4.113037109375,1.0,0.8876362484732598
gaussian-7-Overlap,10000.0,32.0,0.00256,4.0,50.0,25.442965269088745,4.211339712142944,1.0,0.9594721271075396,32.0,7.617000341415405,4.11196756362915,1.0,0.9594222038835164,20.0,8.0487380027771,4.523773193359375,1.0,0.9593417079753244,10.0,8.132112979888916,4.2728118896484375,1.0,0.9591122780430428
gaussian-7-Overlap,10000.0,32.0,0.00256,5.0,50.0,23.21705102920532,3.833696365356445,1.0,0.7751508693642468,32.0,7.868953227996826,4.076674461364746,1.0,0.7750947383748287,20.0,7.948505878448486,3.951212167739868,1.0,0.7750138631046386,10.0,7.976081609725952,3.807767629623413,1.0,0.7747913877177698
gaussian-7-Overlap,10000.0,32.0,0.00256,6.0,50.0,23.070262670516968,4.014356851577759,1.0,0.8268830317795846,32.0,7.549488544464111,4.569271326065064,1.0,0.826836607626991,20.0,7.605070352554321,4.338199853897095,1.0,0.8267489983270296,10.0,7.967796325683594,4.464943885803223,1.0,0.8265241780944471
gaussian-7-Overlap,10000.0,32.0,0.00256,7.0,50.0,23.98684549331665,4.220781087875366,1.0,0.8847802955392561,32.0,7.918688297271728,4.26435136795044,1.0,0.8847317844473804,20.0,7.585524797439575,4.110668420791626,1.0,0.8846497516268879,10.0,8.359069347381592,4.2465410232543945,1.0,0.8844175444348169
gaussian-7-Overlap,10000.0,32.0,0.00256,8.0,50.0,24.29302453994751,4.225387334823608,1.0,0.7709080127115527,32.0,8.023097515106201,4.280024528503418,1.0,0.7708547398611589,20.0,8.072209119796753,4.296707630157471,1.0,0.7707706386809852,10.0,7.922922849655151,4.324757099151611,1.0,0.7705464756390219
gaussian-7-Overlap,10000.0,32.0,0.00256,9.0,50.0,24.329135179519653,4.21232008934021,1.0,0.8778961800806478,32.0,8.394999027252197,4.149077653884888,1.0,0.8778426074077368,20.0,8.602078914642334,4.204346179962158,1.0,0.8777567812720672,10.0,8.600289106369019,4.253000974655151,1.0,0.8775210676072456
gaussian-7-Overlap,10000.0,32.0,0.00256,10.0,50.0,24.045180797576904,4.088132381439209,1.0,0.9718819555132546,32.0,7.9513068199157715,4.137024879455566,1.0,0.9718311675609932,20.0,8.779891967773438,4.1469032764434814,1.0,0.9717470097848714,10.0,8.056779146194458,4.128413915634155,1.0,0.9715233462685162
gaussian-7-Overlap,15000.0,32.0,0.00384,1.0,50.0,34.69112777709961,8.970782041549683,1.0,0.8522087798204768,32.0,12.697340965270996,8.955495357513428,1.0,0.8521571139698292,20.0,12.718302011489868,9.227243185043337,1.0,0.8520786540177112,10.0,13.54832673072815,9.622751712799072,1.0,0.8518552865105397
gaussian-7-Overlap,15000.0,32.0,0.00384,2.0,50.0,35.97960567474365,8.387390375137329,1.0,0.8308853429114896,32.0,12.200223922729492,8.622223138809204,1.0,0.8308402117634199,20.0,13.492899656295776,9.317619323730469,1.0,0.8307621237947982,10.0,12.955076456069946,9.141679286956789,1.0,0.8305269496374273
gaussian-7-Overlap,15000.0,32.0,0.00384,3.0,50.0,37.55295753479004,8.951910257339478,1.0,0.8083546316274848,32.0,13.06256890296936,8.924637079238892,1.0,0.8083030911776816,20.0,13.566304206848145,8.894687414169312,1.0,0.8082150184695175,10.0,13.747374296188354,8.957801818847656,1.0,0.8079943145230661
gaussian-7-Overlap,15000.0,32.0,0.00384,4.0,50.0,36.696828842163086,8.581276178359985,1.0,0.8608376134108809,32.0,12.973567008972168,8.847000122070312,1.0,0.8607877468784403,20.0,13.118898153305054,8.44421124458313,1.0,0.8607078105911925,10.0,13.721290111541748,8.791619300842285,1.0,0.8604681749562912
gaussian-7-Overlap,15000.0,32.0,0.00384,5.0,50.0,36.88908338546753,9.56334400177002,1.0,0.8268888589721428,32.0,12.961975574493408,9.35503625869751,1.0,0.8268389601605992,20.0,13.130175590515137,9.05516004562378,1.0,0.8267554650832482,10.0,13.650165557861328,9.358010530471802,1.0,0.8265316153899698
gaussian-7-Overlap,15000.0,32.0,0.00384,6.0,50.0,36.70232653617859,9.5409197807312,1.0,0.9238821775254098,32.0,13.584847927093506,9.192036390304564,1.0,0.9238340764451736,20.0,13.177807092666626,9.361066818237305,1.0,0.9237523739473812,10.0,13.400482416152954,9.46273422241211,1.0,0.9235164724647188
gaussian-7-Overlap,15000.0,32.0,0.00384,7.0,50.0,34.928683280944824,8.945826530456543,1.0,0.7744359904993638,32.0,12.3274667263031,9.03468370437622,1.0,0.774389000812935,20.0,12.791916608810425,9.379374027252195,1.0,0.7743129721681039,10.0,12.92031979560852,9.25693941116333,1.0,0.7740843354777434
gaussian-7-Overlap,15000.0,32.0,0.00384,8.0,50.0,37.39856934547424,8.5448579788208,1.0,0.9567001856270078,32.0,13.044095039367676,8.599804639816284,1.0,0.9566571604103216,20.0,13.581231832504272,9.34506344795227,1.0,0.9565685221374636,10.0,15.08188819885254,8.94772720336914,1.0,0.9563467343475612
gaussian-7-Overlap,15000.0,32.0,0.00384,9.0,50.0,37.080692291259766,8.993706941604614,1.0,0.7756313756598642,32.0,13.387673139572144,8.67388105392456,1.0,0.7755837390951658,20.0,12.981983661651611,9.361197710037231,1.0,0.7755042603752149,10.0,13.329546451568604,9.48463487625122,1.0,0.775281180781258
gaussian-7-Overlap,15000.0,32.0,0.00384,10.0,50.0,37.32906436920166,9.533401250839232,1.0,0.9398844885262094,32.0,13.12583351135254,8.816884517669678,1.0,0.939835409287922,20.0,13.457713842391968,9.190051317214966,1.0,0.9397543886797296,10.0,13.629878044128418,9.504223585128784,1.0,0.9395216997745036
gaussian-7-Overlap,20000.0,32.0,0.00512,1.0,50.0,52.3092155456543,15.983442068099976,1.0,0.7683359763814873,32.0,18.90858817100525,16.091145038604736,1.0,0.7682873392173415,20.0,19.07500505447388,15.981698513031006,1.0,0.7682097348925161,10.0,19.18291592597961,15.71399998664856,1.0,0.7679957920831797
gaussian-7-Overlap,20000.0,32.0,0.00512,2.0,50.0,52.52562665939331,15.792696237564089,1.0,0.8401982899177549,32.0,18.721455812454224,15.7578706741333,1.0,0.8401546208175628,20.0,18.83909821510315,15.848471879959106,1.0,0.8400746474594475,10.0,18.970800638198853,15.60949969291687,1.0,0.8398610401165275
gaussian-7-Overlap,20000.0,32.0,0.00512,3.0,50.0,51.89747595787048,15.560730218887327,1.0,0.9278880584776048,32.0,17.851356983184814,15.704989194869995,1.0,0.9278393002209524,20.0,18.621565103530884,15.549444913864136,1.0,0.9277621551374322,10.0,18.84174108505249,15.586529016494753,1.0,0.9275314591753104
gaussian-7-Overlap,20000.0,32.0,0.00512,4.0,50.0,49.20280361175537,15.733234167099,1.0,0.7748873529897329,32.0,17.86090612411499,15.487568378448486,1.0,0.7748418384689655,20.0,18.034205198287964,15.893681287765505,1.0,0.774764472452309,10.0,18.08794856071472,15.29534363746643,1.0,0.7745510380462798
gaussian-7-Overlap,20000.0,32.0,0.00512,5.0,50.0,50.66595339775085,15.442755460739136,1.0,0.8268852115692638,32.0,18.606073141098022,15.425527811050417,1.0,0.8268365171313665,20.0,19.27327585220337,15.73638153076172,1.0,0.8267609993719622,10.0,18.80494737625122,15.526368141174316,1.0,0.8265462900596798
gaussian-7-Overlap,20000.0,32.0,0.00512,6.0,50.0,51.52381420135498,15.527684926986694,0.9337057297254024,0.7707235519037434,32.0,18.11535382270813,15.355360984802246,0.9337057297254024,0.7707078833084051,20.0,17.669564247131348,15.04551386833191,0.9337057297254024,0.770632909543148,10.0,18.52628779411316,15.162729501724243,1.0,0.77041747675
gaussian-7-Overlap,20000.0,32.0,0.00512,7.0,50.0,48.17490243911743,15.617878198623655,1.0,0.8952834085971915,32.0,17.888554096221924,15.53193426132202,1.0,0.8952396567473685,20.0,18.573391675949097,16.01698589324951,1.0,0.8951602637800122,10.0,19.363216876983643,15.84441304206848,1.0,0.8949443827819487
gaussian-7-Overlap,20000.0,32.0,0.00512,8.0,50.0,53.00887155532837,15.768333435058594,1.0,0.8715739923139828,32.0,18.943638563156128,15.601969242095947,1.0,0.8714386635326674,20.0,19.116760969161987,15.365713834762571,1.0,0.8711612068730918,10.0,19.318137407302856,15.739933967590332,1.0,0.8703926992286839
gaussian-7-Overlap,20000.0,32.0,0.00512,9.0,50.0,51.09090566635132,15.597195386886597,1.0,0.8196566686742898,32.0,18.81070899963379,15.51328706741333,1.0,0.8196115937562352,20.0,17.84721279144287,15.319241523742676,1.0,0.8195291329801003,10.0,18.30931854248047,15.348944425582886,1.0,0.8193088534081545
gaussian-7-Overlap,20000.0,32.0,0.00512,10.0,50.0,48.87309765815735,15.659363031387327,1.0,0.8028361569340375,32.0,17.644938230514526,16.231103658676147,1.0,0.8027932367472359,20.0,17.81628179550171,15.387749433517456,1.0,0.802710531711387,10.0,18.568793535232544,15.371137619018556,1.0,0.8024867861433913
gaussian-7-Overlap,25000.0,32.0,0.0064,1.0,50.0,62.25968527793884,24.201459169387817,1.0,0.7729954526524403,32.0,23.51164174079895,25.131622314453125,1.0,0.7729544745371153,20.0,23.7036292552948,23.797934770584103,1.0,0.7728757080513288,10.0,23.958872318267822,23.53394842147827,1.0,0.7726614328495902
gaussian-7-Overlap,25000.0,32.0,0.0064,2.0,50.0,66.19063997268677,26.03351235389709,1.0,0.9110191673503708,32.0,23.8415207862854,25.72026991844177,1.0,0.910975785003054,20.0,25.44628524780273,24.17045211791992,1.0,0.9108949216787324,10.0,25.54772114753723,24.308950662612915,1.0,0.9106678503864362
gaussian-7-Overlap,25000.0,32.0,0.0064,3.0,50.0,66.43663716316223,24.31854271888733,1.0,0.7652003080801324,32.0,24.650917291641235,23.99842119216919,1.0,0.7651551195680508,20.0,24.69332909584045,23.6316556930542,1.0,0.7650793324103262,10.0,25.067891359329224,23.8933539390564,1.0,0.7648697306786458
gaussian-7-Overlap,25000.0,32.0,0.0064,4.0,50.0,62.99493598937988,24.07569599151612,1.0,0.9998877585541176,32.0,23.60361337661743,24.37226605415344,1.0,0.9998466844884564,,,,,,,,,,
gaussian-5-Overlap,5000.0,32.0,0.00128,1.0,50.0,12.328657150268556,1.1802239418029783,1.0,0.884203499955877,32.0,4.059929370880127,1.3562335968017578,1.0,0.8841288226116842,20.0,3.974794864654541,1.2757315635681152,1.0,0.8840273697475817,10.0,4.009605884552002,1.312457799911499,1.0,0.8837129351555025
gaussian-5-Overlap,5000.0,32.0,0.00128,2.0,50.0,13.636843919754028,1.313615798950195,1.0,0.954683954974856,32.0,4.16969895362854,1.276426076889038,1.0,0.9546060659510328,20.0,4.2952539920806885,1.2211406230926514,1.0,0.954497886783215,10.0,4.254743814468384,1.285323143005371,1.0,0.9541806993273166
gaussian-5-Overlap,5000.0,32.0,0.00128,3.0,50.0,13.671797275543211,1.2329204082489014,1.0,0.8285734816062058,32.0,4.16190505027771,1.305908441543579,1.0,0.8285049608375384,20.0,3.967938184738159,1.3390171527862549,1.0,0.8283984345650278,10.0,4.195120573043823,1.281923770904541,1.0,0.8280856929967593
gaussian-5-Overlap,5000.0,32.0,0.00128,4.0,50.0,13.381510972976685,1.2929160594940186,1.0,0.8888266733133486,32.0,4.130860805511475,1.585277080535889,1.0,0.8887592290573632,20.0,3.9818365573883057,1.2689580917358398,1.0,0.888642097889372,10.0,3.9845199584960938,1.3143856525421145,1.0,0.8883668749134461
gaussian-5-Overlap,5000.0,32.0,0.00128,5.0,50.0,13.315393686294556,1.28503680229187,1.0,0.7877301010049105,32.0,4.058774948120117,1.2421014308929443,1.0,0.7876688513723964,20.0,4.191119909286499,1.2482967376708984,1.0,0.7875662956919696,10.0,3.96675157546997,1.2785568237304688,1.0,0.7872462530997588
gaussian-5-Overlap,5000.0,32.0,0.00128,6.0,50.0,13.431047439575195,1.3533177375793457,1.0,0.9998387766400014,32.0,3.970917463302612,1.2846388816833496,1.0,0.9997649261760015,20.0,4.035690307617188,1.2609758377075195,1.0,0.9996630035840016,10.0,3.99202823638916,1.327589988708496,1.0,0.9993787973439968
gaussian-5-Overlap,5000.0,32.0,0.00128,7.0,50.0,13.499837875366213,1.2971158027648926,1.0,0.9582082368634997,32.0,4.115059852600098,1.3025386333465576,1.0,0.9581360766395712,20.0,3.936720848083496,1.2873666286468506,1.0,0.9580262528636764,10.0,4.121849298477173,1.3387110233306885,1.0,0.9577337970879112
gaussian-5-Overlap,5000.0,32.0,0.00128,8.0,50.0,13.436322689056396,1.2963762283325195,0.6895353940779994,0.8215246676148891,32.0,3.917518138885498,1.2716317176818848,0.6895353940779994,0.825012810997684,20.0,3.94685697555542,1.3148138523101809,0.6895353940779994,0.8268101703019087,10.0,4.0185019969940186,1.3037841320037842,0.6895353940779994,0.827745762166796
gaussian-5-Overlap,5000.0,32.0,0.00128,9.0,50.0,14.600757837295532,1.345042705535889,1.0,0.8701600108133412,32.0,4.289828777313232,1.2545089721679688,1.0,0.8700775457570215,20.0,4.203232288360596,1.288764476776123,1.0,0.8699727461726207,10.0,4.245325326919556,1.298511266708374,1.0,0.8696727564442951
gaussian-5-Overlap,5000.0,32.0,0.00128,10.0,50.0,14.08023476600647,1.301384210586548,1.0,0.7906493276251378,32.0,4.057561874389648,1.3155064582824707,1.0,0.790576012680525,20.0,4.240105152130127,1.332831859588623,1.0,0.7904562571916983,10.0,4.014486789703369,1.3458402156829834,1.0,0.7901435528397489
gaussian-5-Overlap,10000.0,32.0,0.00256,1.0,50.0,26.64579129219055,4.526911497116089,1.0,0.7902763922582599,32.0,8.584837675094604,4.40850043296814,1.0,0.7902095926661908,20.0,9.085652589797974,4.460745811462402,1.0,0.7900995473805211,10.0,9.075634241104126,4.566091775894165,1.0,0.7898107995084586
gaussian-5-Overlap,10000.0,32.0,0.00256,2.0,50.0,26.045569896698,4.512941837310791,1.0,0.8285617477180299,32.0,8.670951843261719,4.526500701904297,1.0,0.8285028971573644,20.0,9.067748308181764,4.467080354690552,1.0,0.8283878077854809,10.0,9.167296886444092,4.597984552383423,1.0,0.8281134703967429
gaussian-5-Overlap,10000.0,32.0,0.00256,3.0,50.0,26.126888036727905,4.506724119186401,1.0,0.8331009406494513,32.0,9.048565864562988,4.363046646118164,1.0,0.8330358602018479,20.0,9.2468740940094,4.380415916442871,1.0,0.832921730201085,10.0,9.177386283874512,4.4622416496276855,1.0,0.8326482280137855
gaussian-5-Overlap,10000.0,32.0,0.00256,4.0,50.0,26.62531399726868,4.588712930679321,1.0,0.7919134693135643,32.0,8.965548515319824,4.499352931976318,1.0,0.7918547149524617,20.0,9.107226371765137,4.562791109085083,1.0,0.7917447659194162,10.0,9.168761730194092,4.542254209518433,1.0,0.7914580340300577
gaussian-5-Overlap,10000.0,32.0,0.00256,5.0,50.0,26.488645792007446,4.559958934783936,1.0,0.8557853617307674,32.0,8.919871091842651,4.453109264373779,1.0,0.8557144429384292,20.0,9.491710662841797,4.5705506801605225,1.0,0.8556186486102939,10.0,9.048696756362917,4.482424020767212,1.0,0.8553486458543521
gaussian-5-Overlap,10000.0,32.0,0.00256,6.0,50.0,27.300179481506348,4.567967414855957,1.0,0.9998492446399962,32.0,8.980037927627563,4.579724550247192,1.0,0.999775997244001,20.0,9.10171675682068,4.5121119022369385,1.0,0.999669563648005,10.0,8.827681064605713,4.452552795410156,1.0,0.9993889089560084
gaussian-5-Overlap,10000.0,32.0,0.00256,7.0,50.0,26.32214593887329,4.526320695877075,1.0,0.9262152606032704,32.0,9.087372303009031,4.304417610168457,1.0,0.9261521246434608,20.0,9.13981866836548,4.385961532592773,1.0,0.9260405879710344,10.0,9.214898824691772,4.571979284286499,1.0,0.9257532643668048
gaussian-5-Overlap,10000.0,32.0,0.00256,8.0,50.0,27.02167010307312,4.569054365158081,1.0,0.8702362927289641,32.0,9.075598239898682,4.515700101852417,1.0,0.8701774146563072,20.0,9.196396589279177,4.547799348831177,1.0,0.8700645001156715,10.0,8.823866128921509,4.53763747215271,1.0,0.8697701900554813
gaussian-5-Overlap,10000.0,32.0,0.00256,9.0,50.0,26.74867463111877,4.481037855148315,1.0,0.8285637820085605,32.0,9.176141262054443,4.592705488204956,1.0,0.8284991980481823,20.0,9.14367127418518,4.590373754501343,1.0,0.8283963252199615,10.0,9.126560926437378,4.748660087585449,1.0,0.8281187462474278
gaussian-5-Overlap,10000.0,32.0,0.00256,10.0,50.0,25.9636013507843,4.459546804428101,1.0,0.7869006221178596,32.0,9.070481061935425,4.458006858825684,1.0,0.7868415060730711,20.0,8.727736711502075,4.392196416854858,1.0,0.786735709522823,10.0,8.8049635887146,4.485714435577393,1.0,0.7864438709475825
gaussian-5-Overlap,15000.0,32.0,0.00384,1.0,50.0,42.88178038597107,9.550418138504028,1.0,0.9302987484829182,32.0,14.180916547775269,9.154014110565186,1.0,0.9302429050863074,20.0,14.51390266418457,9.945700407028198,1.0,0.9301347632692232,10.0,14.879705429077148,9.772228956222534,1.0,0.9298553418090614
gaussian-5-Overlap,15000.0,32.0,0.00384,2.0,50.0,41.46909189224243,9.984605550765991,1.0,0.9429628866503678,32.0,14.613452672958374,9.886189222335815,1.0,0.9429089789603712,20.0,14.26956844329834,9.626457214355469,1.0,0.9428014077621876,10.0,14.92840814590454,9.705733060836792,1.0,0.9425289893669352
gaussian-5-Overlap,15000.0,32.0,0.00384,3.0,50.0,42.11385464668274,9.734713077545166,1.0,0.8285616297911916,32.0,14.814636468887327,9.306938886642456,1.0,0.8284997297303811,20.0,14.47098183631897,9.357229709625244,1.0,0.8284079661165009,10.0,15.167022228240969,9.431939601898192,1.0,0.8281328746876351
gaussian-5-Overlap,15000.0,32.0,0.00384,4.0,50.0,40.90653991699219,9.744731187820436,1.0,0.9301342492588184,32.0,14.53574538230896,9.79358172416687,1.0,0.9300743258111632,20.0,14.225882530212402,9.889899015426636,1.0,0.92996974526805,10.0,14.749229192733765,9.682941675186155,1.0,0.9296819543836268
gaussian-5-Overlap,15000.0,32.0,0.00384,5.0,50.0,42.30989670753479,9.859496355056764,1.0,0.902635004309362,32.0,14.1577308177948,9.359116554260254,1.0,0.902574604161443,20.0,14.282375574111938,9.793152809143066,1.0,0.9024723430690184,10.0,14.89568543434143,9.737988233566284,1.0,0.9021834825799532
gaussian-5-Overlap,15000.0,32.0,0.00384,6.0,50.0,42.965253829956055,9.926818370819092,1.0,0.7916308824763676,32.0,14.226242303848268,10.066615581512451,1.0,0.7915733716416323,20.0,14.257595777511597,9.902512788772585,1.0,0.7914667105504306,10.0,14.854831457138062,9.868136644363403,1.0,0.7911904643530526
gaussian-5-Overlap,15000.0,32.0,0.00384,7.0,50.0,40.52519178390503,9.032572746276855,1.0,0.8702270161611595,32.0,14.278071880340576,9.52797269821167,1.0,0.8701709830905304,20.0,14.66765522956848,8.946725606918335,1.0,0.8700674842656873,10.0,14.933827877044678,8.974762916564941,1.0,0.8697982534385771
gaussian-5-Overlap,15000.0,32.0,0.00384,8.0,50.0,41.7160804271698,9.32902979850769,1.0,0.8191713458900958,32.0,14.218566656112673,9.647807598114014,1.0,0.8191106837810206,20.0,14.3822979927063,9.342554092407228,1.0,0.819007259363975,10.0,14.978003978729248,9.18332052230835,1.0,0.8187394483481173
gaussian-5-Overlap,15000.0,32.0,0.00384,9.0,50.0,41.74765157699585,9.843961000442505,1.0,0.8285585273105455,32.0,14.31039810180664,9.815284013748167,1.0,0.8284969223827542,20.0,14.82029938697815,9.605748891830444,1.0,0.8283967391472542,10.0,15.117624521255491,9.833183526992798,1.0,0.8281149310312271
gaussian-5-Overlap,15000.0,32.0,0.00384,10.0,50.0,40.98912882804871,9.71411108970642,1.0,0.9448926455274704,32.0,14.276495218276978,10.31696343421936,1.0,0.9448288494186368,20.0,14.212283372879028,9.737755298614502,1.0,0.9447286194385645,10.0,14.96239161491394,9.644916534423828,1.0,0.9444473609819342
gaussian-5-Overlap,20000.0,32.0,0.00512,1.0,50.0,56.54722833633423,17.068783044815063,1.0,0.870217603060097,32.0,20.589163541793823,17.339459657669067,1.0,0.8701554993794205,20.0,20.49007058143616,16.829638242721558,1.0,0.870063227419556,10.0,20.477262020111084,17.001489639282227,1.0,0.8697859260309075
gaussian-5-Overlap,20000.0,32.0,0.00512,2.0,50.0,55.1908974647522,16.43815517425537,1.0,0.9723222383148636,32.0,20.184481143951416,16.393842458724976,1.0,0.9722678409159038,20.0,20.21777582168579,16.26035165786743,1.0,0.9721639429713334,10.0,20.45897126197815,16.82110095024109,1.0,0.9718990255251738
gaussian-5-Overlap,20000.0,32.0,0.00512,3.0,50.0,56.69921588897705,16.90120792388916,1.0,0.9258789456044396,32.0,20.25844979286194,16.84758186340332,1.0,0.925823159560367,,,,,,,,,,
gaussian-5-Overlap,25000.0,32.0,0.0064,1,50.0,72.51466989517212,25.120378732681274,1.0,0.8285784049428486,32.0,23.43044686317444,24.042941570281982,1.0,0.8285194824345408,,,,,,,,,,
